指标,历史观赛代理值,球迷人数,人均GDP,足球热度指数,历史转播权价格
历史观赛代理值,1.0,0.875,1.1666666666666665,0.875,0.875
球迷人数,1.1428571428571428,1.0,1.3333333333333333,1.0,1.0
人均GDP,0.8571428571428571,0.75,1.0,0.75,0.75
足球热度指数,1.1428571428571428,1.0,1.3333333333333333,1.0,1.0
历史转播权价格,1.1428571428571428,1.0,1.3333333333333333,1.0,1.0
