参考市场,参考层级,原始灰色关联度,商业机制成熟度,机制惩罚因子,修正灰色关联度,修正权重,参考市场基础价格,GDP对数差异,人口对数差异,体量平滑乘数,结构价值比,结构弹性修正项,推得中国基础价格,加权贡献价格
巴西,B,0.8392164017360406,0.7,0.8187307530779819,0.6870922765887427,0.5863710782497089,77.50106251964878,2.1305332028375474,1.9011214024880303,1.2015827302662787,1.0851958689530834,1.018116757645149,94.81104212205632,55.59445299908874
日本,A,0.6285936487393811,0.73,0.7710515858035663,0.48467812968654966,0.41362892175029103,120.18726357625319,1.4701758451005926,2.437426111555006,1.19538009783278,1.2419280138086988,1.0487297173896797,150.67043521629162,62.32164965816178
