区间缩放系数,delta1,delta2,样本覆盖率,平均区间宽度
0.8,0.17975413977134963,0.17975413977134963,0.2222222222222222,48.11627377973015
1.0,0.22469267471418702,0.22469267471418702,0.5555555555555556,60.14534222466273
1.2,0.2696312096570244,0.2696312096570244,0.6666666666666666,72.17441066959523
