指标,历史收视热度,人均GDP,球迷数量,足球热度指数,体育媒体市场规模,历史转播权价格
历史收视热度,1.0,1.75,1.0,1.0769230769230769,1.4,0.875
人均GDP,0.5714285714285714,1.0,0.5714285714285714,0.6153846153846154,0.8,0.5
球迷数量,1.0,1.75,1.0,1.0769230769230769,1.4,0.875
足球热度指数,0.9285714285714286,1.625,0.9285714285714286,1.0,1.3,0.8125
体育媒体市场规模,0.7142857142857143,1.25,0.7142857142857143,0.7692307692307693,1.0,0.625
历史转播权价格,1.1428571428571428,2.0,1.1428571428571428,1.2307692307692308,1.6,1.0
